,prediction,mean_prediction,weighted_prediction
0,[[0. 0. 0. 0. 1.]],[0.  0.  0.  0.  0.1],[0.         0.         0.         0.         0.01232558]
1,[[0.0000000e+00 2.4339391e-23 0.0000000e+00 1.3190805e-24 1.0000000e+00]],"[0.00000000e+00 2.43393913e-24 0.00000000e+00 1.31908055e-25
 2.00000000e-01]","[0.00000000e+00 2.45616886e-25 0.00000000e+00 1.33112802e-26
 2.12439793e-02]"
2,[[0.0000000e+00 4.6154842e-27 0.0000000e+00 1.2533784e-13 1.0000000e+00]],"[0.00000000e+00 2.43440068e-24 0.00000000e+00 1.25337837e-14
 3.00000000e-01]","[0.00000000e+00 2.22281483e-25 0.00000000e+00 1.03555175e-15
 2.74844315e-02]"
3,[[9.6247740e-36 7.3348511e-16 6.1742535e-32 4.3240887e-18 1.0000000e+00]],"[9.62477397e-37 7.33485135e-17 6.17425351e-33 1.25342161e-14
 4.00000000e-01]","[6.51060362e-38 4.96160328e-18 4.17652585e-34 9.37035223e-16
 3.16333644e-02]"
4,[[0.000000e+00 0.000000e+00 0.000000e+00 9.999032e-01 9.682949e-05]],"[9.62477397e-37 7.33485135e-17 6.17425351e-33 9.99903202e-02
 4.00009683e-01]","[5.89103777e-38 4.48944430e-18 3.77907687e-34 1.50530416e-02
 2.86245095e-02]"
5,[[0.0000000e+00 1.9551269e-32 1.2896246e-33 1.5009934e-09 1.0000000e+00]],"[9.62477397e-37 7.33485135e-17 6.30321597e-33 9.99903204e-02
 5.00009683e-01]","[1.44896148e-37 1.10422509e-17 9.45398294e-34 1.36205553e-02
 4.77423666e-02]"
6,[[0. 0. 0. 1. 0.]],"[9.62477397e-37 7.33485135e-17 6.30321597e-33 1.99990320e-01
 5.00009683e-01]","[1.31107457e-37 9.99144177e-18 8.55431751e-34 2.24157204e-02
 5.27153379e-02]"
7,[[0.0000000e+00 1.3840364e-16 6.6078762e-33 2.9751177e-13 1.0000000e+00]],"[9.62477397e-37 8.71888770e-17 6.96400359e-33 1.99990320e-01
 6.00009683e-01]","[1.18630933e-37 1.01841331e-17 8.28621486e-34 2.02825826e-02
 6.54771526e-02]"
